{"TS": 1647341411,
"HIR": {"idx":0,"dfut":0,"yfut":0.0,"ndim":5,"hid":[96.61764125631312,97.83783783783784,100.0,100.0,100.0],"nacc":78,"hic":[100.0,91.0,100.0,100.0,97.33333333333333,100.0,100.0,100.0,100.0,100.0,100.0,100.0,100.0,100.0,100.0,100.0,100.0,100.0,100.0,100.0,0.048828125,100.0,100.0,100.0,100.0,100.0,100.0,100.0,100.0,100.0,100.0,100.0,100.0,100.0,100.0,100.0,100.0,100.0,100.0,100.0,100.0,100.0,100.0,100.0,100.0,100.0,100.0,100.0,100.0,60.0,60.0,100.0,100.0,100.0,100.0,100.0,100.0,100.0,100.0,100.0,100.0,100.0,100.0,100.0,100.0,100.0,100.0,100.0,100.0,100.0,100.0,100.0,100.0,100.0,100.0,100.0,100.0,100.0],"hit":97.93739802480034},
"AHIR": {"idx":0,"dfut":0,"yfut":0.0,"ndim":5,"hid":[94.04188506979519,97.83783987987988,100.0,100.0,100.0],"nacc":78,"hic":[100.0,91.0,100.0,100.0,97.33333018518518,100.0,100.0,100.0,100.0,100.0,100.0,100.0,100.0,100.0,100.0,100.0,100.0,100.0,100.0,100.0,0.04882989583333333,75.00000777777778,80.00000055555557,85.00000277777777,89.99999555555556,94.99999777777776,100.0,100.0,100.0,100.0,100.0,89.99999555555556,100.0,100.0,100.0,100.0,100.0,100.0,100.0,100.0,100.0,100.0,100.0,100.0,100.0,100.0,100.0,100.0,100.0,60.0,60.0,100.0,100.0,100.0,100.0,100.0,100.0,100.0,100.0,100.0,100.0,100.0,100.0,100.0,100.0,100.0,100.0,100.0,100.0,100.0,100.0,100.0,100.0,100.0,100.0,100.0,100.0,100.0],"hit":96.77830683471115,"accunum":17},
"FR": {"num":0,"diagcode":[]},
"DRC": {"DT4R":[0.0,0.0,0.0],"P2R":[0.0,0.0],"P1R":[0.0,0.0],"DT5R":[0.0,0.0,0.0],"DT1R":[0.0,0.0,0.0],"RRCR":[0.0,0.0,0.0],"DRR":[0.0,0.0,0.0,0.0],"RRER":[0.0,0.0,0.0],"ETRAA":[0.0,0.0],"ETRAB":[0.0,0.0],"KGR":[0.0,0.0,0.0,0.0]}}
